oid,host_id,z
ZTF19acoymzz,2MASX J09514690+0019496,0.084493
ZTF19acoymrd,WISEA J095417.61+074913.5,0.06067
