oid,host_id,z
ZTF19acxlcdz,WISEA J081733.78+560254.9,0.03701
ZTF19acxlddi,KUG 0841+494,0.05264
ZTF19acxlylb,WISEA J114121.27+630441.1,0.046907
