oid,host_id,z
ZTF20aaxunbm,2MASX J10110336+5422000,0.054664
ZTF18aaisnbh,WISEA J121813.62+262418.1,0.063588
