oid,host_id,z
ZTF20aakoeur,WISEA J160553.79+382502.3,0.286071
ZTF20aakodiq,WISEA J150439.71+355654.5,0.045943
ZTF20aaknzsj,NGC 6091,0.022979
ZTF20aakbtyz,SDSS J114219.14+445745.5,0.090
ZTF20aakmbql,SDSS J092332.59+225622.0,0.213
ZTF20aakocfl,WISEA J152419.36+615427.4,
ZTF20aakoenh,WISEA J160709.26+693215.8,
ZTF20aaknyfo,SDSS J124044.98+602032.3,0.120
ZTF20aakdppm,M31,
