oid,host_id,z
ZTF20aayplyv,CGCG 176-041,0.053187
ZTF20aayqgas,WISEA J105815.63+472646.0,0.218388
