oid,host_name,host_ra,host_dec,host_offset,host_source,host_redshift_spec,host_redshift,host_redshift_error,host_redshift_type
ZTF21aaquiwu,SDSS J140855.58+544304.7,212.23158840538002,54.717990362231504,10.717256946174302,SDSSDR16,True,0.04050153,5.886704e-06,specz
ZTF21aaqugxm,WISEA J113445.47+425754.9,173.68947,42.96535,2.7941842638428622,NED,True,0.018822,NULL,
ZTF21aaqldsk,WISEA J142138.09+353901.8,215.40876,35.65054,9.787853365434101,NED,True,0.036402,NULL,
ZTF21aaqldsj,MRK 0467,213.12569,34.54897,5.396565930865004,NED,True,0.031634,NULL,
ZTF18aatezaj,KUG 1504+536,226.54238,53.41076,0.30812366817603426,NED,True,0.034254,NULL,
