oid,host_id,z
ZTF19acbijnk,2MASX J09563739+2715390,0.055641
ZTF19acaqqix,IC 0572,0.028403
ZTF19acbvkiy,2MASX J10480687+7548040,
