oid,host_id,z
ZTF20aczxeud,MCG -02-33-012,0.013683
ZTF20aczwdhk,WISEA J115257.91+511316.7,0.057013
ZTF20acywefl,WISEA J075328.09+281544.7,0.058596
