oid,host_id,z
ZTF20aaymbjk,CGCG 229-026,0.027556
ZTF20aayknlo,CGCG 097-064,0.019934
ZTF20aayizhf,SDSS J154323.34+171826.4,0.578
