oid,host_name,host_ra,host_dec,host_offset,host_source,host_redshift_spec,host_redshift,host_redshift_error,host_redshift_type
ZTF21aaqwoim,SDSS J131957.79+605235.3,199.99087,60.8765,2.5203965973948272,NED,True,0.12071,NULL,
ZTF21aaqwjlz,NULL,NULL,NULL,NULL,NULL,NULL,NULL,NULL,NULL
ZTF21aaqwfqe,SDSS J130742.82+244838.1,196.928396008699,24.8105993004036,14.58845195027576,SDSSDR16,True,0.02108621,8.410027e-06,specz
ZTF21aaqvsvw,SDSS J075947.28+252125.0,119.94698282867701,25.3569613827008,4.113574115920655,SDSSDR16,True,0.02669128,1.163144e-05,specz
ZTF21aaqvpxa,WISEA J065706.90+403958.2,104.2785,40.66656,2.1348416634693943,NED,NULL,NULL,NULL,NULL
ZTF21aaqvmix,WISEA J071116.49+045850.4,107.81878,4.98065,2.1486025173713252,NED,NULL,NULL,NULL,NULL
ZTF21aaqvhhn,WISEA J063835.44+284758.7,99.64713,28.79975,6.002563864756207,NED,NULL,NULL,NULL,NULL
ZTF19adcbzyz,MRK 0715,151.19839,14.77938,0.4458517335274306,NED,True,0.084578,NULL,
