oid,host_name,host_ra,host_dec,host_offset,host_source,host_redshift_spec,host_redshift,host_redshift_error,host_redshift_type
ZTF21abcixor,SDSS J161650.37+123834.6,244.209871089004,12.6429547283547,0.7092637249711176,SDSSDR16,False,0.150591,0.071125,photoz
ZTF21abciwey,WISEA J214421.54+861154.3,326.08976,86.19843,2.790208693637652,NED,NULL,NULL,NULL,NULL
ZTF21abcgnql,WISEA J153606.69+432426.3,234.02795,43.40728,4.623401294448008,NED,True,0.017578,NULL,
ZTF21abcfgub,SDSS J115400.06+565927.8,178.500251880917,56.9910739542848,1.7361815675899441,SDSSDR16,False,0.1476,0.101485,photoz
ZTF21abceehu,UGC 08050,193.85353,52.2677,14.96882973594837,NED,True,0.034654,NULL,
ZTF21abcbwke,UGC 08452,201.79146,15.09486,2.530705127202419,NED,True,0.02355,NULL,
ZTF21abbzncx,WHL J152326.9+283733,230.86214,28.6257,7.0350336031285945,NED,True,0.0808,NULL,SPEC
ZTF21abbzczm,SDSS J134641.63+463007.4,206.673463803044,46.5020773501791,3.609484282802789,SDSSDR16,True,0.1278087,8.227539e-06,specz
