oid,host_name,host_ra,host_dec,host_offset,host_source,host_redshift_spec,host_redshift,host_redshift_error,host_redshift_type
ZTF21aaymdvq,WISEA J231408.80+470721.5,348.53655,47.12266,0.13612887040525407,NED,NULL,NULL,NULL,NULL
ZTF21aaymdss,SDSS J194829.43+604500.7,297.122622885607,60.7502109895536,2.131454608031555,SDSSDR16,False,0.123171,0.030137,photoz
ZTF21aaylydx,WISEA J174613.17+730938.2,266.55488,73.16062,0.3998043214949835,NED,NULL,NULL,NULL,NULL
ZTF21aaylpaq,WISEA J182513.83+383029.1,276.30706,38.50786,2.868290670869378,NED,NULL,NULL,NULL,NULL
ZTF21aaxlgry,WISEA J184002.70+461155.5,280.01125,46.19878,3.114005644104349,NED,NULL,NULL,NULL,NULL
