oid,host_name,host_ra,host_dec,host_offset,host_source,host_redshift_spec,host_redshift,host_redshift_error,host_redshift_type
ZTF21abclatf,SDSS J214508.21+221557.8,326.284209403917,22.2660620149059,0.9327415661129801,SDSSDR16,False,0.148094,0.036388,photoz
ZTF21abckzqt,2MASX J22201771-0212405,335.07378,-2.21116,3.0181615563974367,NED,True,0.043127,NULL,
ZTF21abckuxr,WISEA J195845.04+044154.9,299.68755,4.69805,6.339744167119031,NED,NULL,NULL,NULL,NULL
ZTF21abcksdj,SDSS J175938.50+521417.8,269.910398419974,52.2382820057486,2.861103456620975,SDSSDR16,False,0.52175,0.04391,photoz
ZTF21abcjuzt,SDSS J131202.14+030748.1,198.008898737966,3.13004814497902,0.1346608122737753,SDSSDR16,False,0.127752,0.028488,photoz
ZTF21abcjpnm,WISEA J160706.91+472640.4,241.77868,47.44446,3.0557204734386567,NED,True,0.038003,NULL,
ZTF21abcjbbp,SDSS J172833.82+364601.5,262.140921040559,36.7670941589955,7.454010632491176,SDSSDR16,False,0.048923,0.012188,photoz
ZTF21abcgxwy,WISEA J175152.27+540121.8,267.96777,54.02275,4.911645157143747,NED,True,0.05358,NULL,
