oid,host_name,host_ra,host_dec,host_offset,host_source,host_redshift_spec,host_redshift,host_redshift_error,host_redshift_type
ZTF21abbvpco,WISEA J150559.59-300842.5,226.49838,-30.14511,0.18648408005774103,NED,NULL,NULL,NULL,NULL
ZTF21abbvkpr,SDSS J122146.76+414422.8,185.44481599540902,41.7396661708856,1.8941437703339439,SDSSDR16,False,0.027245,0.008369,photoz
ZTF21abbuylk,WISEA J114419.31+191903.6,176.08048,19.3177,3.5705483862519705,NED,True,0.08703,NULL,
ZTF21abbuygz,WISEA J094801.42+580455.3,147.00597,58.08203,3.6229118076150444,NED,True,0.143205,NULL,
ZTF21abbuxfm,LCRS B124718.1-122613,192.47926,-12.70912,2.397346692618657,NED,NULL,NULL,NULL,NULL
ZTF21abbuvew,WISEA J110602.65+702028.0,166.51108,70.34108,2.7143034956795073,NED,NULL,NULL,NULL,NULL
ZTF21abbuuno,WISEA J105053.73+125443.8,162.72386,12.91214,0.7136864045905377,NED,True,0.131982,NULL,
ZTF21abbghvc,SDSS J120652.79+175910.6,181.719955262567,17.9862864494179,0.7129120331392331,SDSSDR16,False,0.40377199999999996,0.10363199999999999,photoz
ZTF21abasfmq,SDSS J132109.13+234957.6,200.288050566483,23.8326681163883,1.023890482146924,SDSSDR16,True,0.06428601,9.010720999999999e-06,specz
