oid,host_name,host_ra,host_dec,host_offset,host_source,host_redshift_spec,host_redshift,host_redshift_error,host_redshift_type
ZTF21abhhbmd,SDSS J223240.01+281224.6,338.166701324734,28.206845618761896,0.5452902156015605,SDSSDR16,False,0.070021,0.025240000000000002,photoz
ZTF21abgyxyn,SDSS J001707.63+215904.3,4.281772573721749,21.984526832709104,1.5114966381132484,SDSSDR16,False,0.10336600000000001,0.013385,photoz
