oid,host_name,host_ra,host_dec,host_offset,host_source,host_redshift_spec,host_redshift,host_redshift_error,host_redshift_type
ZTF21abnvlnj,SDSS J144232.64+042549.6,220.635988711905,4.43045989496971,26.70049206524387,SDSSDR16,True,0.02723799,1.050657e-05,specz
ZTF21abnvljt,WISEA J150240.13+091814.3,225.66724,9.30396,4.955243442827372,NED,True,0.093473,NULL,SPEC
ZTF21abnvigg,SDSS J142102.87+245154.8,215.261961225305,24.8652256114648,5.628000844500782,SDSSDR16,False,0.044008,0.018476,photoz
ZTF21abnspht,WISEA J142724.28+461159.2,216.85116,46.19976,4.103971496352561,NED,True,0.074937,NULL,SPEC
ZTF21abnlhxs,SDSS J230556.46+142127.5,346.485229829593,14.3576632388878,0.22842340000754102,SDSSDR16,True,0.01295312,8.579634e-06,specz
