oid,host_name,host_ra,host_dec,host_offset,host_source,host_redshift_spec,host_redshift,host_redshift_error,host_redshift_type
ZTF21acqdczv,SDSS J205527.57-153208.6,313.864894364096,-15.5357337002156,1.4238251133846147,SDSSDR16,False,0.054843,0.009957,photoz
ZTF21acpywyc,SDSS J222036.30+102800.7,335.151254702524,10.466860406987,0.5079977253846995,SDSSDR16,False,0.100958,0.020307,photoz
ZTF21acpywwr,SDSS J220109.46+242424.6,330.28940776218,24.4068320079948,4.172240525707302,SDSSDR16,False,0.127457,0.035433,photoz
ZTF21acptlvu,SDSS J000609.95+113732.0,1.54146176056167,11.6255555224641,1.7944146190697854,SDSSDR16,False,0.140598,0.042087,photoz
