oid,host_name,host_ra,host_dec,host_offset,host_offset_bestguess,bestguess_offset,host_source,host_redshift_spec,host_redshift,host_redshift_error,host_redshift_type
ZTF22abunrnh,SDSS J132855.53-021545.1,202.23136083761,-2.26254455733069,1.96301744309861,1.1759076398406718,1.5627819000504737,SDSSDR16,False,0.203539,0.04232,photoz
ZTF22abunmrt,SDSS J110847.78+430705.7,167.199068299771,43.1182682572601,4.882350340648683,0.3264275889117948,5.2075017162145425,SDSSDR16,True,0.07436253,1.48861e-05,specz
ZTF22abunjts,2MASX J09150005+2235051,138.75022541666664,22.584933888888887,19.683370496312296,0.5243835061200492,19.623290784302217,Simbad,True,0.02723,0.00019999999494757503,C
ZTF22abulmbx,2MASX J08554635+3604086,133.94329916666666,36.068869722222225,4.58426331637195,0.14207760353638438,4.639719348247117,Simbad,True,0.07723,0.00016999999934341758,C
ZTF22abuhfdv,2MASX J18380966+6651379,279.5404791666666,66.86039194444444,2.7101737313848178,0.640574469782513,2.999766144468153,Simbad,True,0.05,NULL,D
ZTF22abtomyp,SDSS J112758.13+663052.6,171.992190450377,66.5146117654096,8.423379393771828,0.3792737327889274,8.277151107215342,SDSSDR16,True,0.1296413,1.193198e-05,specz
