oid,host_name,host_ra,host_dec,host_offset,host_offset_bestguess,bestguess_offset,host_source,host_redshift_spec,host_redshift,host_redshift_error,host_redshift_type
ZTF22abzskpp,MCG-02-34-046,201.3794658333333,-14.35624611111111,9.828852773225462,0.4094000003748853,10.207583240343945,Simbad,True,0.022645,0.0001234189037732828,D
ZTF22abzkgja,MCG-01-30-011,174.20335416666663,-8.586445000000001,14.659419546867683,0.7322166213241429,14.49821012876149,Simbad,True,0.015684,0.00017011794844425468,D
