oid,host_name,host_ra,host_dec,host_offset,host_source,host_redshift_spec,host_redshift,host_redshift_error,host_redshift_type
ZTF22aakbzzl,SDSS J213603.17-081139.4,324.013207541229,-8.19428590449633,1.1892428375762483,SDSSDR16,False,0.176675,0.100591,photoz
ZTF22aakbyvd,SDSS J194737.81+604806.0,296.907530595828,60.8016838360344,1.0811309962600248,SDSSDR16,False,0.070159,0.022241,photoz
ZTF22aakayoi,SDSS J162830.89+563906.9,247.128702174591,56.6519325907089,0.053353430455382087,SDSSDR16,False,0.569096,0.132379,photoz
ZTF22aajvjmh,SDSS J151659.53+192511.0,229.248033279329,19.4197476743741,1.634449332838671,SDSSDR16,True,0.1224573,3.290753e-05,specz
ZTF22aajrrzz,SDSS J160550.02+172846.9,241.45842307813,17.4797190155231,0.5552860735602299,SDSSDR16,True,0.034129,1.175752e-05,specz
ZTF21acqzjgv,SDSS J102554.66+471424.6,156.477740080983,47.2401898279494,0.4131929159077562,SDSSDR16,True,0.06320527,1.012265e-05,specz
