oid,host_name,host_ra,host_dec,host_offset,host_source,host_redshift_spec,host_redshift,host_redshift_error,host_redshift_type
ZTF22aaazhfb,ESO 487- G 032,85.24487,-26.32581,10.292417876461748,NED,False,0.037158,NULL,PHOT
ZTF22aaazgmk,WISEA J021639.99+334833.3,34.16673,33.80929,2.078554620835559,NED,False,0.07308,NULL,PHOT
ZTF22aaayjhk,SDSS J123807.78+483714.5,189.532422392601,48.6207176871374,4.456172983118184,SDSSDR16,False,0.08439,0.025805,photoz
ZTF22aaayceh,CGCG 352-042,192.70704,77.31478,7.737431926366139,NED,True,0.034684,NULL,
ZTF22aaaxlxq,WISEA J163659.54-005055.2,249.24825,-0.84872,2.1464066360729945,NED,False,0.064816,NULL,PHOT
ZTF22aaausmx,SDSS J103209.01+541426.9,158.037550333565,54.2408171383757,1.301726266414489,SDSSDR16,True,0.06913771,1.625358e-05,specz
ZTF22aaaleqj,SDSS J024845.71+425527.7,42.1904546790726,42.924364865645,0.08354511365398479,SDSSDR16,False,0.072722,0.016002,photoz
ZTF22aaafgye,SDSS J094546.85+501030.6,146.445226341194,50.1751883331519,5.035033773386791,SDSSDR16,False,0.049302,0.018497,photoz
ZTF22aaachiq,SDSS J075354.54+140812.1,118.477233736411,14.1367178087177,0.04141009798538082,SDSSDR16,False,0.094895,0.036291,photoz
