oid,host_name,host_ra,host_dec,host_offset,host_source,host_redshift_spec,host_redshift,host_redshift_error,host_redshift_type
ZTF22aafprhd,WISEA J232321.17+354431.2,350.83824,35.74202,2.5034707061670667,NED,NULL,NULL,NULL,NULL
ZTF22aafopes,WISEA J140037.42-274102.8,210.15598,-27.68427,0.8426056518624783,NED,NULL,NULL,NULL,NULL
ZTF22aafokgy,SDSS J083633.68+402350.9,129.14037,40.39747,3.6509060549428702,NED,NULL,NULL,NULL,NULL
ZTF22aafnufm,WISEA J133633.40+090820.2,204.13921,9.13905,2.3980640724090656,NED,True,0.097608,NULL,SPEC
ZTF22aafnqfz,WISEA J133218.77+404024.3,203.0782,40.67343,0.7695842558051071,NED,True,0.05447,NULL,SPEC
ZTF22aafnprc,WISEA J063229.18+600435.6,98.12175,60.07619,1.526453046034931,NED,False,0.10324,NULL,PHOT
ZTF22aafkcrr,WISEA J125548.00+401501.9,193.95002,40.25054,1.1924396676065776,NED,NULL,NULL,NULL,NULL
ZTF22aaapqpn,SDSS J232754.79+350722.9,351.978293022864,35.1230268593548,6.464406065395992,SDSSDR16,False,0.060887,0.012302,photoz
