oid,host_name,host_ra,host_dec,host_offset,host_offset_bestguess,bestguess_offset,host_source,host_redshift_spec,host_redshift,host_redshift_error,host_redshift_type
ZTF22abdxjhr,SDSS J213252.69-061042.4,323.219528144606,-6.17845585003444,1.6994095111829894,0.4892301168621254,1.6194072152617205,SDSSDR16,False,0.097455,0.022279,photoz
ZTF22abdxdzf,2MASX J22344746+0157385,338.6977875,1.9607505555555556,8.355286611930927,0.4904818195885977,7.864804814347103,Simbad,True,0.069712,0.0005000000237487257,D
ZTF22abcfocq,WISEA J180553.11+152231.2,271.47051,15.37547,3.629515928884804,2.2592130457548376,3.038815713346649,NED,False,NULL,NULL,NULL
