oid,host_name,host_ra,host_dec,host_offset,host_source,host_redshift_spec,host_redshift,host_redshift_error,host_redshift_type
ZTF22aaqasyb,SDSS J232926.83+214446.5,352.361796298499,21.7462741818359,0.3718046576322764,SDSSDR16,False,0.095478,0.028409,photoz
ZTF22aaqaonu,SDSS J234020.91+194036.5,355.087140413103,19.6768278501896,1.0878703178898048,SDSSDR16,False,0.119177,0.013101,photoz
ZTF22aapvgvc,NULL,NULL,NULL,NULL,NULL,NULL,NULL,NULL,NULL
ZTF22aapuvuc,SDSS J125455.52+182212.5,193.731345445903,18.3701651677648,1.106299425253844,SDSSDR16,False,0.138979,0.025453,photoz
ZTF22aapqqys,SDSS J131724.66+175954.0,199.352730054241,17.998343476671,2.2329204978440393,SDSSDR16,False,0.054723,0.029554,photoz
ZTF22aapjbpb,WISEA J192545.03+472531.5,291.43759,47.42545,2.9841932573195615,NED,NULL,NULL,NULL,NULL
ZTF22aapinrz,WISEA J201753.82-162550.7,304.47426,-16.43076,1.0000363452049337,NED,NULL,NULL,NULL,NULL
ZTF22aapiguo,WISEA J190951.22+345309.9,287.46342,34.88615,0.34021299698092056,NED,NULL,NULL,NULL,NULL
ZTF22aapbaow,SDSS J170108.75+485258.2,255.286446346563,48.8828345684748,2.5412109934975535,SDSSDR16,False,0.057763,0.011094,photoz
