oid,host_name,host_ra,host_dec,host_offset,host_source,host_redshift_spec,host_redshift,host_redshift_error,host_redshift_type
ZTF22aagsook,SDSS J153424.61+401225.9,233.602558587777,40.2072177527214,6.173750621131222,SDSSDR16,True,0.06711876,1.551062e-05,specz
ZTF22aagrwag,2dFGRS TGN094Z058,151.72104166666662,-5.9030000000000005,4.210790678934983,Simbad,False,0.0952,NULL,D
ZTF22aagrrxy,SDSS J112516.96+464446.3,171.32068640414,46.7462171526726,2.3555871577194387,SDSSDR16,False,0.05474,0.048869,photoz
ZTF22aagrnhf,WISEA J082657.06-090915.7,126.73789,-9.15441,9.576989970670507,NED,NULL,NULL,NULL,NULL
ZTF18acefpxd,SDSS J101158.74+304302.6,152.994768201625,30.7173886117423,0.18886583940258458,SDSSDR16,False,0.118705,0.013978,photoz
