oid,host_name,host_ra,host_dec,host_offset,host_source,host_redshift_spec,host_redshift,host_redshift_error,host_redshift_type
ZTF22aajhdnf,NULL,NULL,NULL,NULL,NULL,NULL,NULL,NULL,NULL
ZTF22aajhcaw,SDSS J100617.44+112327.1,151.572678602866,11.3908598381666,1.4420580141534214,SDSSDR16,False,0.124219,0.020445,photoz
ZTF22aajgubk,WISEA J081241.97+795001.0,123.1749,79.83363,0.417306126408654,NED,NULL,NULL,NULL,NULL
ZTF22aajgsil,SDSS J115929.66+040632.0,179.873589737012,4.10890159778904,1.8336046364261391,SDSSDR16,False,0.103727,0.03336,photoz
ZTF22aajgiuu,SDSS J095435.31+310747.9,148.647130672003,31.1299870007585,1.0542643603824937,SDSSDR16,False,0.229068,0.041459,photoz
ZTF22aajfyzz,SDSS J231204.66+115226.1,348.01941009652,11.8739193579986,0.17542934370679872,SDSSDR16,False,0.119877,0.015208,photoz
ZTF22aaixooj,SDSS J102648.41+165511.1,156.701722917448,16.9197720430391,7.990322157116262,SDSSDR16,False,0.078482,0.014388,photoz
ZTF22aailyar,WISEA J111142.88+375719.3,167.92862,37.95537,0.6253038329065352,NED,True,0.100504,NULL,SPEC
