oid,host_name,host_ra,host_dec,host_offset,host_offset_bestguess,bestguess_offset,host_source,host_redshift_spec,host_redshift,host_redshift_error,host_redshift_type
ZTF23abpndnh,SDSS J102524.78+363253.2,156.353246493892,36.5481339677663,2.402786884572863,0.5987868588511044,1.9312422350350658,SDSSDR16,False,0.119391,0.015811,photoz
ZTF23abpnbtq,SDSS J120106.04+382145.3,180.27518264602,38.3626002646185,0.12844762063823614,0.22891207330663726,0.12259423525719258,SDSSDR16,False,0.327847,0.103511,photoz
ZTF23abpnbhg,SDSS J085346.31+283618.7,133.442976981337,28.6052074027928,2.1189292859098345,0.32805233462871436,1.792130474869842,SDSSDR16,True,0.09499636,9.147936e-06,specz
ZTF23abplqyk,NULL,NULL,NULL,NULL,NULL,NULL,NULL,NULL,NULL,NULL,NULL
ZTF23abpkyhw,SDSS J181844.47+411617.1,274.685272048709,41.2714206401856,3.8132131935788336,0.388173694188105,4.124136914165267,SDSSDR16,False,0.131757,0.042471,photoz
ZTF23aboauiy,SDSS J210241.35+240728.9,315.67231011115,24.1247092683005,0.442408205291476,0.1897036479476423,0.2585948543276537,SDSSDR16,False,0.105355,0.035083,photoz
ZTF23abnoike,SDSS J105804.31+563642.0,164.517959416211,56.6116734897828,2.5014837164569093,0.6612433155199434,2.2020465218485126,SDSSDR16,False,0.128644,0.027315,photoz
