oid,host_name,host_ra,host_dec,host_offset,host_offset_bestguess,bestguess_offset,host_source,host_redshift_spec,host_redshift,host_redshift_error,host_redshift_type
ZTF23aawwhmb,NULL,NULL,NULL,NULL,NULL,NULL,NULL,NULL,NULL,NULL,NULL
ZTF23aawwcuu,NULL,NULL,NULL,NULL,NULL,NULL,NULL,NULL,NULL,NULL,NULL
ZTF23aawvtdw,WISEA J193352.44-215341.2,293.46875,-21.89467,2.935453563406327,0.4756738644735051,3.1785956524052725,NED,False,0.115445,NULL,PUN
ZTF23aawtsyp,SDSS J130622.56+573135.3,196.593984899167,57.5264928547905,4.650141255144324,1.4241317114140917,6.0509709328155195,SDSSDR16,False,0.085591,0.067548,photoz
ZTF23aawtssm,NULL,NULL,NULL,NULL,NULL,NULL,NULL,NULL,NULL,NULL,NULL
ZTF23aawtobe,LEDA 1457117,241.37568124999993,14.399865555555555,5.758432407681299,0.26589701891094514,5.601005536025973,Simbad,True,0.09385,9.999999747378752e-06,C
ZTF23aawtobb,SDSS J161124.96+131521.6,242.854008961166,13.2560212645477,1.0237484110827932,0.32298519434544015,0.8399958789988379,SDSSDR16,False,0.14463,0.039271,photoz
ZTF23aawtnfr,SDSS J152953.70+271828.5,232.473732663096,27.3079283107948,0.6292153201501375,0.6982574155764033,1.1919302318151044,SDSSDR16,False,0.124724,0.063673,photoz
ZTF23aawkxsm,WISEA J203050.24+823602.5,307.70923,82.60068,1.5861453821138753,0.28569858648283186,1.3015544357362236,NED,False,NULL,NULL,NULL
