oid,host_name,host_ra,host_dec,host_offset,host_offset_bestguess,bestguess_offset,host_source,host_redshift_spec,host_redshift,host_redshift_error,host_redshift_type
ZTF23abhvlji,2MASX J09350992+8358225,143.79229416666666,83.97309416666667,2.3918502405100703,0.3275328422804548,2.647067303969237,Simbad,False,--,NULL,
ZTF23abhublj,SDSS J014521.56+193040.2,26.3398289194905,19.511167242465,1.7686180351944965,0.4785049671103317,1.713400482075965,SDSSDR16,False,0.057164,0.011141,photoz
ZTF23abhtjxs,SDSS J230348.92+051421.0,345.953854028218,5.23918529654016,0.3341161592780816,0.06308324376727382,0.2988177044156408,SDSSDR16,False,0.148536,0.027367,photoz
ZTF23abhsjho,SDSS J223510.57+350336.7,338.79403015104,35.0602086969153,3.026970889466071,0.42952577346458054,2.828103450612595,SDSSDR16,False,0.128228,0.023669,photoz
ZTF23abhshsm,2MASX J21324063+1302168,323.1693920833333,13.0380475,4.3609984480065656,0.7663256580222708,4.7556298746070125,Simbad,False,--,NULL,
ZTF23abhsglj,SDSS J181525.79+414936.9,273.857447610192,41.8269429212916,0.9523927531623978,0.9354782697820242,0.05285952910062624,SDSSDR16,False,0.045946,0.026392,photoz
ZTF23abhsfkg,SDSS J170533.60+420948.5,256.390001866938,42.1634804581807,3.7166079138524872,0.27781812542891615,3.4707236490559628,SDSSDR16,False,0.039579,0.010889,photoz
ZTF23abhddtv,NULL,NULL,NULL,NULL,NULL,NULL,NULL,NULL,NULL,NULL,NULL
