oid,host_name,host_ra,host_dec,host_offset,host_offset_bestguess,bestguess_offset,host_source,host_redshift_spec,host_redshift,host_redshift_error,host_redshift_type
ZTF23aaqkpwb,2dFGRS TGS062Z078,332.7854166666666,-24.467499999999998,6.730656824940888,1.1965383483340037,5.558666491919917,Simbad,False,0.038,NULL,D
ZTF23aaqknaw,SDSS J005507.51+313232.3,13.7812935907629,31.5423169945425,15.322272793097572,0.6776531073604927,14.68516231784474,SDSSDR16,False,0.001756,0.008721,photoz
ZTF23aaqjumr,SDSS J140758.20+052913.3,211.992494095525,5.48703018983757,1.0001713639486023,0.34390725769690594,1.3440245076582624,SDSSDR16,True,0.08615136,1.475984e-05,specz
ZTF23aaqiqnl,SDSS J235614.26+023059.8,359.059420400594,2.51661728626634,0.5653343619410025,0.4543278384861931,0.12747002479573424,SDSSDR16,False,0.145316,0.034178,photoz
ZTF23aaqhtiq,WISEA J164800.09+583251.0,252.00116,58.54786,5.9730067878973765,2.0469365575042207,3.926208170516284,NED,False,NULL,NULL,NULL
ZTF23aaprmac,SDSS J150851.36+360227.3,227.213991070648,36.0409375904633,1.5393841411126576,0.8406164222332941,0.713577004068998,SDSSDR16,True,0.1121541,6.66529e-06,specz
ZTF23aaoqyvx,SDSS J010919.76+332837.1,17.3323326039472,33.4769936411287,12.070134353777712,0.11339837049433403,12.043070398582143,SDSSDR16,False,0.034364,0.009385,photoz
ZTF23aaoqytf,WISEA J011653.90+354733.0,19.22451,35.79295,2.9101689502190276,1.1225760072396747,2.684559054445391,NED,False,NULL,NULL,NULL
