oid,host_name,host_ra,host_dec,host_offset,host_offset_bestguess,bestguess_offset,host_source,host_redshift_spec,host_redshift,host_redshift_error,host_redshift_type
ZTF23abvtnlu,SDSS J015610.11+032832.9,29.0421347934665,3.4758140036821,0.5735802440049359,0.1922955067073322,0.7643750491721012,SDSSDR16,False,0.085231,0.07185,photoz
ZTF23abvtbdc,SDSS J021837.59+051831.1,34.6566197557862,5.30866441771118,1.596009382248609,0.5753801950733997,1.472463258626737,SDSSDR16,False,0.114744,0.03893,photoz
ZTF23abvoynt,WISEA J050732.24-192250.9,76.88496,-19.38044,4.624877614903132,0.1787068637843168,4.668848781630708,NED,False,0.074279,NULL,PUN
