oid,index,host_name,host_ra,host_dec,host_offset,host_offset_bestguess,bestguess_offset,host_source,host_redshift_spec,host_redshift,host_redshift_error,host_redshift_type
ZTF23abncpbt,0,SDSS J113936.83+234607.5,174.903449867272,23.7687661918754,0.3231081338457706,0.7116113867447117,0.7107367076771204,SDSSDR16,False,0.309838,0.202246,photoz
ZTF23abnbgfb,1,NULL,NULL,NULL,NULL,NULL,NULL,NULL,NULL,NULL,NULL,NULL
ZTF23abmytlv,2,SDSS J081939.21+480339.6,124.91338608687,48.0610036567512,10.610500958999312,0.9753354663685538,11.58572639295758,SDSSDR16,True,0.07151441,1.551471e-05,specz
