oid,index,host_name,host_ra,host_dec,host_offset,host_offset_bestguess,bestguess_offset,host_source,host_redshift_spec,host_redshift,host_redshift_error,host_redshift_type
ZTF23abadhsw,0,NULL,NULL,NULL,NULL,NULL,NULL,NULL,NULL,NULL,NULL,NULL
ZTF23abaapmr,1,WISEA J202913.78+521920.7,307.30742,52.32247,1.9617992368432573,0.5007720309500103,2.155253363154049,NED,False,0.030182,NULL,PUN
ZTF23abaalvd,2,WISEA J202337.97+192919.2,305.90825,19.48872,6.603131369353949,0.9198392554471064,6.119102473983435,NED,False,0.042445,NULL,PUN
ZTF23aazrrki,3,WISEA J185742.97+380210.7,284.42904,38.03636,1.353945460738746,0.4852939598246551,1.4376640648604413,NED,False,0.091307,NULL,PUN
