oid,host_name,host_ra,host_dec,host_offset,host_offset_bestguess,bestguess_offset,host_source,host_redshift_spec,host_redshift,host_redshift_error,host_redshift_type
ZTF23abhmfmf,SDSS J101001.74+113628.9,152.507247764496,11.6080334828829,2.3355999803268093,0.6632391943207505,2.995162866777033,SDSSDR16,True,0.07666639,1.517619e-05,specz
ZTF23abhlsha,LEDA  168510,60.37208333333332,46.18583333333333,2.6274430143162273,1.729735738987345,1.2191669914756889,Simbad,False,--,NULL,
ZTF23abhkkcv,SDSS J012200.66+024646.7,20.5027587855072,2.77964269432762,3.418704698930429,0.4104614175803877,3.595394221531793,SDSSDR16,False,0.102146,0.025953,photoz
ZTF23abgovnz,SDSS J173050.65+544335.4,262.711061692477,54.7265010763602,0.29867342241593614,0.3869844256755056,0.5023643150684878,SDSSDR16,False,0.124424,0.014078,photoz
ZTF18aacjuxk,WISEA J070632.98+470321.9,106.63746,47.05608,0.998049347403169,0.42126927023024335,1.3308807133039355,NED,False,0.083371,NULL,PUN
