oid,index,host_name,host_ra,host_dec,host_offset,host_offset_bestguess,bestguess_offset,host_source,host_redshift_spec,host_redshift,host_redshift_error,host_redshift_type
ZTF23abvsfen,0,SDSS J164503.08+163446.0,251.262831169429,16.5794449767071,1.8882357924262316,0.565548978577989,1.3279866351815768,SDSSDR16,False,0.08851,0.01968,photoz
ZTF23abvsevq,1,SDSS J152230.34+035918.6,230.626412417191,3.98852078622909,6.198078477927873,0.4833761287854696,5.715830954926459,SDSSDR16,True,0.1038294,1.82007e-05,specz
ZTF23abvsdrp,2,NULL,NULL,NULL,NULL,NULL,NULL,NULL,NULL,NULL,NULL,NULL
ZTF23abvsdqv,3,SDSS J160902.44+091933.8,242.26017077595,9.326054380642,1.027581480130144,0.4135500829104386,0.6710267935096077,SDSSDR16,True,0.0726283,1.860622e-05,specz
