oid,host_name,host_ra,host_dec,host_offset,host_offset_bestguess,bestguess_offset,host_source,host_redshift_spec,host_redshift,host_redshift_error,host_redshift_type
ZTF23abapoiv,SDSS J002055.47-014533.9,5.23113096778626,-1.75944154606296,6.391303019088706,1.0945831160450121,5.351017478075506,SDSSDR16,False,0.067979,0.013338,photoz
ZTF23abankfb,WISEA J174900.89+274842.9,267.25374,27.81192,2.990958826244507,0.2195824906311756,2.9687474087045373,NED,False,NULL,NULL,NULL
ZTF23abankea,WISEA J182257.64+325925.8,275.73991,32.99072,2.704716335682481,0.6513771892509977,2.055711011518856,NED,False,NULL,NULL,NULL
ZTF23abandhi,SDSS J160159.19+123344.5,240.4966408333333,12.562395,8.11820006937265,4.227296209885477,12.175262534790628,Simbad,True,0.03331,7.999999797903001e-05,C
ZTF23abajcdk,SDSS J171615.29+370640.8,259.063720482083,37.1113330804643,13.88564790629307,0.8966084660405564,13.154533921829561,SDSSDR16,False,0.051244,0.01449,photoz
