oid,host_name,host_ra,host_dec,host_offset,host_source,host_redshift_spec,host_redshift,host_redshift_error,host_redshift_type,index,host_offset_bestguess,bestguess_offset
ZTF23aamcius,NULL,NULL,NULL,NULL,NULL,NULL,NULL,NULL,NULL,NULL,NULL,NULL
ZTF23aamlodm,SDSS J144643.55+421826.1,221.681444945255,42.3072531598487,1.899277439661915,SDSSDR16,True,0.03764976,9.340214e-06,specz,0.0,0.1730460463668354,2.0719544782164734
ZTF23aamktzt,WISEA J195449.04-184351.7,298.70427,-18.73111,2.8151312911934787,NED,False,NULL,NULL,NULL,1.0,0.66931558293986,2.384769327531767
ZTF23aamkrgo,SDSS J174805.05+533305.8,267.02108,53.55162,0.8432683568525583,NED,False,NULL,NULL,NULL,2.0,0.4920731745906386,0.3721353646726606
ZTF23aamixrh,WISEA J174438.92+354356.8,266.16213,35.73247,4.087719657487044,NED,False,NULL,NULL,NULL,3.0,0.3718968412200332,3.837631758361084
ZTF23aamgetd,WISEA J012104.07+431810.0,20.26699,43.30279,0.788590382935803,NED,False,NULL,NULL,NULL,4.0,0.8842471950701363,0.0987433661197829
ZTF23aamadkt,SDSS J151743.66+193844.9,229.431910752784,19.645809435017,0.4329951382739034,SDSSDR16,False,0.12635,0.017889,photoz,6.0,0.3368329857324387,0.1230882053632544
