oid,level_0,index,host_name,host_ra,host_dec,host_offset,host_offset_bestguess,bestguess_offset,host_source,host_redshift_spec,host_redshift,host_redshift_error,host_redshift_type
ZTF24aawvrtc,0,0,SDSS J164358.13+040155.3,250.992191554656,4.03203212920448,1.6837925024805898,0.2461905124369983,1.888986693069837,SDSSDR16,False,0.141237,0.035793,photoz
ZTF24aawupeh,1,1,SDSS J163058.10+342526.7,247.742089095035,34.424090590837,7.141474281640257,2.2109693184031345,4.931008940295582,SDSSDR16,False,0.151005,0.042088,photoz
ZTF24aawrtgj,2,2,SDSS J164509.10+083657.7,251.287936714206,8.61602963561352,2.373267306391853,1.7265738483748665,3.403537417721364,SDSSDR16,False,0.0885,0.01865,photoz
ZTF24aawkujt,3,3,WISEA J020122.47+523846.2,30.34358,52.64614,0.0381515957595212,0.1229749323544119,0.1553392483404325,NED,False,NULL,NULL,NULL
ZTF24aavcabo,4,4,NULL,NULL,NULL,NULL,NULL,NULL,NULL,NULL,NULL,NULL,NULL
