oid,host_name,host_ra,host_dec,host_offset,host_offset_bestguess,bestguess_offset,host_source,host_redshift_spec,host_redshift,host_redshift_error,host_redshift_type
ZTF24aaheadk,2MASS J15130223+0944062,228.2592758333333,9.735145833333332,0.5218332750621371,0.41976910565811026,0.15551758909066402,Simbad,True,0.14312,2.9999999242136255e-05,C
ZTF24aaheada,SDSS J151302.37+093216.8,228.259872233235,9.53801859765134,0.535430726895441,0.2872481281822912,0.6294744696401459,SDSSDR16,True,0.07800198,2.106705e-05,specz
ZTF24aahdoyz,WISEA J161048.84+013729.2,242.70352,1.62479,1.7637506085608645,1.260490312024683,1.1666639948452762,NED,False,NULL,NULL,NULL
ZTF24aahdiif,SDSS J142622.85+452300.3,216.595224333623,45.3834244327479,0.4816699789167901,0.2942504677087086,0.7507336886445782,SDSSDR16,False,0.243206,0.049337,photoz
