oid,index,host_name,host_ra,host_dec,host_offset,host_offset_bestguess,bestguess_offset,host_source,host_redshift_spec,host_redshift,host_redshift_error,host_redshift_type
ZTF24aahterx,0,WISEA J190848.53+505037.5,287.20214,50.84373,0.4510697884237213,0.4121427850736771,0.0924890518053761,NED,False,NULL,NULL,NULL
ZTF24aahtaer,1,SDSS J162028.62+243908.6,245.1192481391,24.6524007646298,2.033592123687184,0.1632947116293404,1.872265910373456,SDSSDR16,False,0.134532,0.031683,photoz
ZTF24aahsyhe,2,SDSS J165907.69+425225.3,254.782026512661,42.8737142058085,3.0666179702977097,0.3255700852168382,2.818896184719378,SDSSDR16,False,0.077213,0.024473,photoz
ZTF24aahsunv,3,SDSS J124338.33+384727.9,190.909713911745,38.7910870690514,1.473051996986896,0.2926533277039203,1.4309870198598815,SDSSDR16,False,0.117286,0.029312,photoz
ZTF24aahsukk,4,SDSS J144812.12+262617.6,222.05053625,26.4382375,0.2235840981587488,0.2374499202094591,0.1777391433200471,Simbad,True,0.05096,9.999999747378752e-06,C
ZTF24aahiimv,5,LEDA 1385654,203.0491375,10.869202777777778,1.0653250774147625,0.5915727192799269,1.6067117899287444,Simbad,True,0.05859,1.9999999494757503e-05,C
ZTF24aahihcd,6,NULL,NULL,NULL,NULL,NULL,NULL,NULL,NULL,NULL,NULL,NULL
ZTF24aahgqxm,7,SDSS J113140.10+234206.1,172.91708248764,23.7017085798881,0.3167319503053608,0.7357025825165073,0.5236158681748407,SDSSDR16,False,0.176701,0.042112,photoz
