oid,host_name,host_ra,host_dec,host_offset,host_offset_bestguess,bestguess_offset,host_source,host_redshift_spec,host_redshift,host_redshift_error,host_redshift_type
ZTF24abhdzkx,2MASX J08194831+0809118,124.95114583333333,8.153261111111112,2.5928337492033298,0.8830170582759018,3.4749312747049266,Simbad,True,0.04615,9.999999747378752e-06,C
ZTF24abgvscf,UGC  4108,119.38571375,59.0839725,7.072218284397309,1.3807610802193446,5.702708597897986,Simbad,False,0.0191,NULL,C
ZTF24abgvrdl,SDSS J080531.24+652633.5,121.38015937883,65.442638447024,1.8107642840699334,0.949317668206867,2.2345684225530555,SDSSDR16,False,0.926659,0.088929,photoz
ZTF24abdxiah,SDSS J080032.94+514742.2,120.137237299817,51.7950642437483,2.9672777436398867,0.2748444948698657,2.7728916871780744,SDSSDR16,False,0.086842,0.047043,photoz
ZTF24abdnitu,MCG-03-01-002,359.19888749999996,-16.50968888888889,14.537450222068633,1.2760488732935757,14.16036466749268,Simbad,True,0.035825,9.999999747378752e-06,D
ZTF24abdjmmc,WISEA J075636.56+613439.0,119.15236,61.57751,1.2899095512900103,0.6563944732413264,0.6806417822956915,NED,False,NULL,NULL,NULL
ZTF24abcqaus,KUG 0733+599,114.56822,59.81356,2.3440442397969625,0.1736541330262522,2.271566650427587,NED,False,0.036845,NULL,PUN
ZTF24abcqasv,UGC 03943,114.79536,59.16125,4.188737474540425,1.06623984496987,3.525730731054267,NED,False,0.011771,NULL,SUN
