oid,host_name,host_ra,host_dec,host_offset,host_offset_bestguess,bestguess_offset,host_source,host_redshift_spec,host_redshift,host_redshift_error,host_redshift_type
ZTF24abjlhsb,SDSS J093135.19+180142.2,142.896611816227,18.028388170154,0.39360881545431914,0.00986805588029425,0.4017829765820059,SDSSDR16,False,0.201951,0.10848,photoz
ZTF24abjivrv,SDSS J212632.53+101922.5,321.635539064661,10.322937718057,0.5301416397945654,4.655760533418021,4.184565858659133,SDSSDR16,False,0.151818,0.040735,photoz
ZTF24abjinjf,NULL,NULL,NULL,NULL,NULL,NULL,NULL,NULL,NULL,NULL,NULL
ZTF24abjihzs,SDSS J004034.00+370210.7,10.1416527887516,37.0363152654977,3.8662258053226988,11.953434975382319,15.356176629197483,SDSSDR16,False,0.109062,0.038275,photoz
ZTF24abjihcm,2MASX J00463687+5510500,11.653631249999998,55.18063194444444,5.985411001779064,0.15563511370021127,6.133901712801024,Simbad,True,0.038597,3.000000106112566e-06,D
ZTF24abjhwoa,NULL,NULL,NULL,NULL,NULL,NULL,NULL,NULL,NULL,NULL,NULL
ZTF24abipytc,SDSS J230624.59+342031.8,346.602467966965,34.34216923519,1.9223578286803722,0.34079980046737673,2.214667702200693,SDSSDR16,False,0.175901,0.034476,photoz
ZTF21acmtupz,6dFGS gJ001739.0-173847,4.412416666666666,-17.646277777777776,3.5433322380557657,0.18181726516263577,3.3825764553932527,Simbad,True,0.11514,NULL,D
