oid,index,host_name,host_ra,host_dec,host_offset,host_offset_bestguess,bestguess_offset,host_source,host_redshift_spec,host_redshift,host_redshift_error,host_redshift_type
ZTF24aakusbm,0,NULL,NULL,NULL,NULL,NULL,NULL,NULL,NULL,NULL,NULL,NULL
ZTF24aakudig,1,SDSS J152918.62+064357.7,232.327578616284,6.73270659631559,1.81707839360783,0.1291673868353493,1.9126791470067104,SDSSDR16,True,0.04334478,1.409454e-05,specz
ZTF24aaktnic,2,SDSS J123507.66+335725.3,188.781908579157,33.9570465545401,0.6497693974185877,0.1598154125645951,0.4998691146727519,SDSSDR16,False,0.345002,0.141752,photoz
ZTF24aaksqsi,3,SDSS J143144.13+501038.3,217.933864948336,50.1773046467267,1.2774421222208625,1.3637892641086176,2.3391633155572,SDSSDR16,False,NULL,NULL,photoz
ZTF24aakpolx,4,Gaia DR3 2296434973548272896,284.04359666666664,82.33621472222222,0.279338128490915,0.1375339417751583,0.1932099536736101,Simbad,False,--,NULL,NULL
ZTF24aajxpmq,5,WISEA J192532.68+314554.2,291.38607,31.76522,1.190638543343246,0.9709428997390388,0.4583456173760444,NED,False,NULL,NULL,NULL
ZTF24aajuyqs,6,2MFGC 5678,107.42742833333332,50.06558416666666,6.56490143403986,0.3162601386155216,6.248978900954802,Simbad,True,0.064881,0.0004070000140927,D
