oid,index,host_name,host_ra,host_dec,host_offset,host_offset_bestguess,bestguess_offset,host_source,host_redshift_spec,host_redshift,host_redshift_error,host_redshift_type
ZTF24abfwlww,0,NULL,NULL,NULL,NULL,NULL,NULL,NULL,NULL,NULL,NULL,NULL
ZTF24abfwfak,1,SDSS J212907.35+245326.5,322.280625208984,24.8907151025191,1.7287382064945247,1.0413139659350577,2.360754398289718,SDSSDR16,False,0.072666,0.06545,photoz
ZTF24abfpdna,2,WISEA J180131.99+141240.5,270.3834,14.21126,1.1001725752839269,0.7911312175464554,1.811608782901252,NED,False,NULL,NULL,NULL
ZTF24abfodwq,3,NULL,NULL,NULL,NULL,NULL,NULL,NULL,NULL,NULL,NULL,NULL
ZTF24abfoczc,4,SDSS J032727.41+392531.5,51.8641934314957,39.4254291791982,2.012828765194617,0.852141020051357,2.7547299958142206,SDSSDR16,False,0.117259,0.031013,photoz
ZTF24abfhkcm,5,NULL,NULL,NULL,NULL,NULL,NULL,NULL,NULL,NULL,NULL,NULL
ZTF24abezgvf,6,SDSS J014032.91+011345.1,25.137113589073,1.22919790245206,1.4011284489132116,0.5737912802914916,0.8476193058684178,SDSSDR16,False,0.142305,0.040228,photoz
