oid,index,host_name,host_ra,host_dec,host_offset,host_offset_bestguess,bestguess_offset,host_source,host_redshift_spec,host_redshift,host_redshift_error,host_redshift_type
ZTF24abssgpr,0,SDSS J140624.77+174131.1,211.603221254655,17.6919734926984,2.362926192912475,0.152980641904021,2.485328269642332,SDSSDR16,True,0.05901438,1.334464e-05,specz
ZTF24abssgik,1,SDSS J094211.94+472239.3,145.549752839306,47.3775873932476,3.651756391421868,0.5710708670822958,3.116422013514504,SDSSDR16,False,0.155082,0.028789,photoz
ZTF24absscjs,2,SDSS J115033.60+194250.1,177.64002874999997,19.71391694444444,5.93380866114106,0.8293503302495944,6.588051148383532,Simbad,True,0.022335,3.002081443133906e-05,C
ZTF24absrpsn,3,NULL,NULL,NULL,NULL,NULL,NULL,NULL,NULL,NULL,NULL,NULL
ZTF24absrfdz,4,NULL,NULL,NULL,NULL,NULL,NULL,NULL,NULL,NULL,NULL,NULL
ZTF24absdpsd,5,SDSS J122823.77+444112.7,187.099039850137,44.6868710811529,4.299661394319052,0.2548333299398961,4.380177604999104,SDSSDR16,False,0.086164,0.033944,photoz
ZTF24abryppo,6,SDSS J134604.48+162940.3,206.518680865962,16.4945501855413,0.1817251371346516,0.2869250606566454,0.2341845315701639,SDSSDR16,True,0.07224372,6.554398e-06,specz
ZTF24abrpcos,7,SDSS J091101.36+303613.9,137.755649897087,30.6038713653735,1.5400156428895166,0.7918812985533105,2.2435296332141164,SDSSDR16,False,0.309965,0.135894,photoz
