oid,index,host_name,host_ra,host_dec,host_offset,host_offset_bestguess,bestguess_offset,host_source,host_redshift_spec,host_redshift,host_redshift_error,host_redshift_type
ZTF24aadsijm,0,SDSS J102955.19+034411.0,157.479952076132,3.73640801241166,1.2994920855569505,0.2271527891552877,1.0885240553874864,SDSSDR16,False,0.219678,0.056594,photoz
ZTF24aadsgcv,1,SDSS J112701.14+251615.0,171.75476339632,25.2708452025104,3.0348259306719405,0.3379168158254242,3.3690902273473355,SDSSDR16,False,0.127404,0.031059,photoz
ZTF24aadsdcu,2,SDSS J091809.21+611452.2,139.538360797475,61.2478399936434,1.8025724994140588,0.7096309361589282,2.467608410251556,SDSSDR16,False,0.303399,0.080034,photoz
ZTF24aadrhlm,3,WISEA J053205.07+753044.4,83.02108,75.51225,4.981113115702204,0.4515039701318613,5.392126410087559,NED,False,0.128412,NULL,PUN
ZTF24aadrakq,4,WISEA J023426.37+331338.8,38.60912,33.22769,4.320508726462614,0.8292535725267117,3.4926051496743304,NED,False,0.055437,NULL,PUN
ZTF24aadqwqu,5,2MASX J09024357+6033181,135.68170708333332,60.55519083333333,6.061856137578988,0.0746894780925966,5.999568874916247,Simbad,True,0.13121,1.9999999494757503e-05,C
ZTF24aadqwnk,6,WISEA J062927.59+501011.7,97.36521,50.16967,6.098319959080979,0.7946520743747562,6.8924565097097945,NED,False,0.084783,NULL,PUN
ZTF24aadqwju,7,NULL,NULL,NULL,NULL,NULL,NULL,NULL,NULL,NULL,NULL,NULL
