oid,index,host_name,host_ra,host_dec,host_offset,host_offset_bestguess,bestguess_offset,host_source,host_redshift_spec,host_redshift,host_redshift_error,host_redshift_type
ZTF24aakdngi,0,SDSS J170704.10+435922.0,256.767073338001,43.989454174803,1.6379303747679574,0.1315742155464404,1.5589339567823894,SDSSDR16,False,0.385271,0.14511,photoz
ZTF24aakbqjh,1,WISEA J191628.55+612535.5,289.11897,61.42654,5.351813795346448,0.6854955598011779,5.4314129098077375,NED,False,NULL,NULL,NULL
ZTF24aakbptu,2,NULL,NULL,NULL,NULL,NULL,NULL,NULL,NULL,NULL,NULL,NULL
ZTF24aakbpfj,3,SDSS J190954.57+631315.3,287.477359987144,63.2209423668112,4.284688691616581,1.1665422881949683,3.121488137416064,SDSSDR16,False,0.099317,0.03778,photoz
ZTF24aajwczy,4,SDSS J123645.74+512416.1,189.1906,51.404494444444445,1.637451917937433,0.239969944754263,1.8048132623097128,Simbad,True,0.08767,9.999999747378752e-06,C
ZTF24aajqwhw,5,WISEA J174513.70+681015.6,266.30879,68.17072,1.1744125876054723,2.7322212665169485,2.088112238451107,NED,False,NULL,NULL,NULL
ZTF24aajhcne,6,WISEA J130142.02-074250.8,195.42542,-7.7141,1.522301035086432,0.2660981365715359,1.5080043718306553,NED,False,NULL,NULL,NULL
ZTF24aajdqbw,7,SDSS J174246.31+513447.7,265.692937989659,51.5799228424892,2.5763363764794813,0.1830496144243667,2.410355166852923,SDSSDR16,False,0.073645,0.024705,photoz
