oid,host_name,host_ra,host_dec,host_offset,host_offset_bestguess,bestguess_offset,host_source,host_redshift_spec,host_redshift,host_redshift_error,host_redshift_type
ZTF24aakxejp,WISEA J001406.18+505523.7,3.52581,50.92352,0.8581601098603112,0.6851847794212624,0.19253646046626818,NED,False,NULL,NULL,NULL
ZTF24aakwvbi,SDSS J174629.23+065936.9,266.6217768812,6.99359768284224,1.94800344151366,0.6013642567536476,1.346651605351251,SDSSDR16,False,0.093826,0.015721,photoz
ZTF24aakwijy,SDSS J163846.98+473201.2,249.695769133394,47.5336890577921,0.13304671403972668,2.8101650168372796,2.722282559720685,SDSSDR16,False,0.288567,0.172131,photoz
ZTF24aakshbw,WISEA J195334.32+482205.3,298.39296,48.36811,1.2961683357136276,1.904371110494097,3.0044829900538836,NED,False,0.061186,NULL,PUN
ZTF24aakrqzs,SDSS J144201.69+325518.7,220.507037084604,32.9218864082145,0.14434028871331878,0.17891367451275592,0.11381081443482476,SDSSDR16,True,0.08744178,7.945494e-06,specz
ZTF24aakritl,SDSS J141204.35+543035.2,213.018131331121,54.5097864648695,1.3560863770009826,1.1285340504180559,0.27940581970475276,SDSSDR16,True,0.04142758,1.01504e-05,specz
ZTF24aakbkee,NULL,NULL,NULL,NULL,NULL,NULL,NULL,NULL,NULL,NULL,NULL
ZTF24aakajjy,SDSS J171127.95+790754.5,257.866472967449,79.1318176098781,0.47788516223680144,0.04216581371880158,0.46678770367938344,SDSSDR16,False,0.09726,0.02106,photoz
