oid,host_name,host_ra,host_dec,host_offset,host_offset_bestguess,bestguess_offset,host_source,host_redshift_spec,host_redshift,host_redshift_error,host_redshift_type
ZTF24aahxgoa,SDSS J154429.78+402123.7,236.124080713753,40.3566069571485,0.16668031559045807,2.043186397458373,2.0832877838206283,SDSSDR16,False,0.045514,0.063296,photoz
ZTF24aahwfwb,SDSS J103745.48+301736.6,159.439485036396,30.2935209305655,4.061250095580239,0.11585248849963055,4.040346960996892,SDSSDR16,True,0.07926701,1.665022e-05,specz
ZTF24aahvwrb,2MASX J08551658+2451021,133.81904666666665,24.850828611111112,2.232462189056303,0.520835506149019,2.5664604523296948,Simbad,True,0.10488,1.9999999494757503e-05,C
ZTF24aahvvrj,SDSS J090955.14+253201.1,137.479754521517,25.5336437208732,0.23950277087705427,0.5605128761398073,0.6460135598651217,SDSSDR16,True,0.07639176,2.211288e-05,specz
ZTF24aahuvsz,2MASX J07572896-0500409,119.37070666666665,-5.01147,5.784776620727105,0.5355796362776184,5.54742516155565,Simbad,False,--,NULL,
ZTF24aahuohu,WISEA J084325.75-091241.1,130.85745,-9.21105,3.4446058411059823,1.2275302886725243,2.311829128318145,NED,False,NULL,NULL,NULL
ZTF24aahtqlp,WISEA J064117.90+303603.4,100.32462,30.60095,1.171801825842692,0.5411831162747384,1.646622607193394,NED,False,NULL,NULL,NULL
ZTF24aahtpuh,SDSS J070705.80+291840.9,106.774169915946,29.3113637541307,0.3072813690013181,3.3078200567979708,3.2349523853044433,SDSSDR16,False,0.124728,0.02232,photoz
ZTF24aahsuoj,WISEA J130034.39+775226.5,195.14083,77.87422,2.0517416693334614,1.823463198858301,1.7858962060886514,NED,False,NULL,NULL,NULL
