oid,host_name,host_ra,host_dec,host_offset,host_offset_bestguess,bestguess_offset,host_source,host_redshift_spec,host_redshift,host_redshift_error,host_redshift_type
ZTF24abssxcb,WISEA J195138.74+542915.9,297.91142,54.48776,0.8733049004784679,0.08203562922370686,0.8902674120426433,NED,False,NULL,NULL,NULL
ZTF24absossk,WISEA J211914.62+614221.3,319.81093,61.70593,7.646605611579768,3.0026067413465443,7.3338125123019635,NED,False,NULL,NULL,NULL
ZTF24absnyux,WISEA J220256.66-224041.6,330.73612,-22.67823,0.19732076201501134,0.2432024217751416,0.06643490344745472,NED,False,0.0742,NULL,SUN
ZTF24abqzwao,SDSS J220114.68+265623.4,330.311178684212,26.9398533132547,1.5298630527861872,0.5555392127210237,0.9747970057050164,SDSSDR16,True,0.1511141,1.851392e-05,specz
