oid,index,host_name,host_ra,host_dec,host_offset,host_offset_bestguess,bestguess_offset,host_source,host_redshift_spec,host_redshift,host_redshift_error,host_redshift_type
ZTF24aakxzel,0,SDSS J141618.76+501721.2,214.078150456878,50.2892296232997,8.322074134033107,0.5533871229932096,8.642910847852153,SDSSDR16,True,0.07428565,2.024552e-05,specz
ZTF24aakxtlv,1,NULL,NULL,NULL,NULL,NULL,NULL,NULL,NULL,NULL,NULL,NULL
ZTF24aaktqfm,2,SDSS J120846.23+085723.8,182.192612471557,8.95663650436233,0.7340547550480225,0.1295986069585734,0.832927085954745,SDSSDR16,False,0.102341,0.034821,photoz
ZTF24aajjcmb,3,SDSS J212334.66+190706.5,320.894436965698,19.1184829094166,5.295127633342985,1.204765414682952,6.495157031894597,SDSSDR16,False,0.085495,0.023373,photoz
