oid,index,host_name,host_ra,host_dec,host_offset,host_offset_bestguess,bestguess_offset,host_source,host_redshift_spec,host_redshift,host_redshift_error,host_redshift_type
ZTF24aaxfoxr,0,WISEA J182301.50+323409.8,275.75629,32.56933,3.32137182432748,7.329468988269965,10.53579495827092,NED,False,0.117865,NULL,PUN
ZTF24aaxfooq,1,WISEA J181453.97+331422.9,273.72491,33.23971,1.836227494291857,6.606291761475603,5.472416932177923,NED,False,NULL,NULL,NULL
ZTF24aaxeggd,2,SDSS J150854.72+550833.6,227.227996191057,55.1426703987861,1.0000773104629268,0.1499816870451271,0.8781797092886439,SDSSDR16,False,0.135812,0.029394,photoz
ZTF24aaxeeah,3,NULL,NULL,NULL,NULL,NULL,NULL,NULL,NULL,NULL,NULL,NULL
ZTF24aawurfo,4,SDSS J140842.75+145645.4,212.178106808278,14.94594610433,1.6353416676067871,0.326144220629588,1.3102227124668062,SDSSDR16,False,0.281671,0.106799,photoz
ZTF24aawupfz,5,SDSS J160127.35+461807.2,240.36395339583,46.3020090180942,4.730628118491774,0.8893061387930901,5.167669938983082,SDSSDR16,False,0.17476,0.02729,photoz
ZTF18aasywuv,6,SDSS J144447.68+281205.0,221.19870916666665,28.20140555555556,0.408607122711224,0.0515982401986786,0.3821388375930401,Simbad,True,0.12361,1.9999999494757503e-05,C
