oid,host_name,host_ra,host_dec,host_offset,host_offset_bestguess,bestguess_offset,host_source,host_redshift_spec,host_redshift,host_redshift_error,host_redshift_type
ZTF25aajdsux,SDSS J122114.74-025143.8,185.311436826817,-2.86218872327547,0.2401446467661281,0.27543570441141485,0.501163393050416,SDSSDR16,False,0.124007,0.054439,photoz
ZTF25aajbldd,SDSS J093726.51+342248.0,144.360454625246,34.3800044218874,0.8622855894492737,0.29887339389214734,1.0904444898337984,SDSSDR16,False,0.230833,0.112469,photoz
ZTF25aajbcmc,WISEA J072653.48+693825.1,111.72287,69.64033,0.8676428898647893,1.4392377748377545,2.299572261693575,NED,False,NULL,NULL,NULL
ZTF25aajbbol,WISEA J053827.67+705311.4,84.61531,70.88651,0.3234133271118372,0.05228662768575902,0.2724811257829251,NED,False,NULL,NULL,NULL
ZTF25aaiyrsx,SDSS J075834.44+661834.8,119.643512747911,66.3096919313464,0.9683609602616303,0.08561086624386256,0.9967585538310977,SDSSDR16,False,0.140718,0.025974,photoz
