oid,index,host_name,host_ra,host_dec,host_offset,host_offset_bestguess,bestguess_offset,host_source,host_redshift_spec,host_redshift,host_redshift_error,host_redshift_type
ZTF25aancuae,0,SDSS J164702.51+632606.0,251.760456746232,63.4350258149395,1.7600058184897738,0.3974458309543484,1.8939254845555047,SDSSDR16,True,0.03347075,3.749207e-06,specz
ZTF25aanbpte,1,NULL,NULL,NULL,NULL,NULL,NULL,NULL,NULL,NULL,NULL,NULL
ZTF25aanbhlz,2,SDSS J092544.45+045606.1,141.435214840758,4.93503136392259,0.4754381054070166,0.1498991683127947,0.5347635991595968,SDSSDR16,False,0.189851,0.084399,photoz
ZTF25aanbdft,3,2MASX J09525852+1304196,148.24386499999997,13.072065277777778,5.272756882346106,0.237813194919205,5.091873832902739,Simbad,True,0.0741,9.999999747378752e-06,C
ZTF25aalrqtl,4,SDSS J111944.09+255810.9,169.933692775774,25.9697070858287,4.0337965498187325,0.360426201411281,4.329221824076656,SDSSDR16,True,0.1401009,3.197567e-05,specz
