oid,host_name,host_ra,host_dec,host_offset,host_offset_bestguess,bestguess_offset,host_source,host_redshift_spec,host_redshift,host_redshift_error,host_redshift_type
ZTF25aalvyrp,UGC 12293,344.96480875,26.03312611111111,16.19314833822486,0.9958238279294682,17.023494322017807,Simbad,True,0.033814,1.334258419170625e-05,C
ZTF25aalvygx,FGC 2457,346.44557,38.6473,6.8581972535094,2.692490631021908,4.237199163809263,NED,False,0.016928,NULL,S1L
ZTF25aalvyfq,SDSS J221057.88+184841.8,332.741185293928,18.811623364689,5.342011549700322,0.2973626224034184,5.308716292536703,SDSSDR16,False,0.041716,0.013215,photoz
