oid,index,host_name,host_ra,host_dec,host_offset,host_offset_bestguess,bestguess_offset,host_source,host_redshift_spec,host_redshift,host_redshift_error,host_redshift_type
ZTF25abyhaem,0,SDSS J104808.43+183615.1,162.03514708333333,18.60422388888889,2.553903295838959,0.6118564995357652,2.557498311508063,Simbad,True,0.04606,9.999999747378752e-06,C
ZTF25abyguri,1,Z 152-27,143.3020058333333,27.596795,3.983611974468424,0.0591376592204987,3.9675676793809656,Simbad,True,0.03326,0.0002600000007078,D
ZTF25abygujy,2,NULL,NULL,NULL,NULL,NULL,NULL,NULL,NULL,NULL,NULL,NULL
ZTF25abydukm,3,NULL,NULL,NULL,NULL,NULL,NULL,NULL,NULL,NULL,NULL,NULL
ZTF25abyceer,4,SDSS J235218.41+274900.6,358.076717041106,27.8168528141438,0.7978654448244069,0.2175592380541402,0.7205871875442049,SDSSDR16,False,0.249954,0.09413,photoz
ZTF25abxtkrg,5,NULL,NULL,NULL,NULL,NULL,NULL,NULL,NULL,NULL,NULL,NULL
ZTF22acaztuv,6,SDSS J100553.85+311013.3,151.474395521805,31.1703744694358,1.288722672062523,0.4834221330900644,1.3692315828605783,SDSSDR16,True,0.08289095,6.251162e-06,specz
