oid,index,host_name,host_ra,host_dec,host_offset,host_offset_bestguess,bestguess_offset,host_source,host_redshift_spec,host_redshift,host_redshift_error,host_redshift_type
ZTF25aavqtob,0,SDSS J214650.76-034731.3,326.711493416605,-3.79205107894416,0.3824691858787157,0.120263872520488,0.2897637161450207,SDSSDR16,False,0.126857,0.043636,photoz
ZTF25aavpjbj,1,SDSS J135724.42+313238.3,209.351762604725,31.5439924865226,0.9199281233804082,0.6517292559771094,0.5696117063303918,SDSSDR16,False,0.166415,0.071963,photoz
ZTF25aavpiwr,2,NULL,NULL,NULL,NULL,NULL,NULL,NULL,NULL,NULL,NULL,NULL
ZTF25aavpewr,3,SDSS J150913.66+084836.2,227.306909818876,8.81007618238006,9.272147878288488,1.279961946517464,9.665367960723689,SDSSDR16,True,0.09396689,1.9339e-05,specz
ZTF25aavpehi,4,WISEA J165541.73+532230.1,253.9239,53.37503,2.20401969835072,0.5414507571382284,1.6981653296598485,NED,False,0.065775,NULL,PUN
ZTF25aavoynl,5,NULL,NULL,NULL,NULL,NULL,NULL,NULL,NULL,NULL,NULL,NULL
ZTF25aaviwcx,6,NULL,NULL,NULL,NULL,NULL,NULL,NULL,NULL,NULL,NULL,NULL
ZTF25aavhowp,7,SDSS J162907.78+081739.0,247.28242440339,8.29418325761225,0.5136707007051055,0.0125479792182109,0.5026765039827312,SDSSDR16,False,0.133848,0.032727,photoz
