oid,index,host_name,host_ra,host_dec,host_offset,host_offset_bestguess,bestguess_offset,host_source,host_redshift_spec,host_redshift,host_redshift_error,host_redshift_type
ZTF25aaldzju,0,SDSS J122001.76+011047.5,185.007331052018,1.17987416772237,2.8229960493273807,0.0695254262609633,2.8254009018929898,SDSSDR16,True,0.1083982,6.1679e-06,specz
ZTF25aaldwzo,1,WISEA J112805.24+711701.7,172.02184,71.28383,2.9760385689660884,0.0668143407321747,2.9122093429747427,NED,False,NULL,NULL,NULL
ZTF25aalbnkr,2,SDSS J084147.11+571317.5,130.446311944627,57.2215440094682,0.8167177943768924,0.1611785903804877,0.6564743669809813,SDSSDR16,False,0.080742,0.04018,photoz
ZTF25aakscjm,3,SDSS J120737.66+585624.2,181.906924166075,58.9400801324074,1.841526733580156,0.221315244706461,1.6612860302729016,SDSSDR16,False,0.118319,0.010875,photoz
ZTF25aakcsis,4,NULL,NULL,NULL,NULL,NULL,NULL,NULL,NULL,NULL,NULL,NULL
ZTF25aajgcqn,5,WISEA J103043.91+673231.0,157.68298,67.54194,0.224374863509305,0.3898882781371319,0.2525734275494709,NED,False,NULL,NULL,NULL
