oid,index,host_name,host_ra,host_dec,host_offset,host_offset_bestguess,bestguess_offset,host_source,host_redshift_spec,host_redshift,host_redshift_error,host_redshift_type
ZTF25abanvbn,0,LEDA 1955399,267.56249999999994,31.60805555555556,2.7291878849601288,0.6981286824164566,2.8686312003350185,Simbad,False,--,NULL,NULL
ZTF25abansec,1,UGC 11311,279.67643,37.0479,2.725035633807159,0.9924568215840984,2.1515718661462646,NED,False,0.020871,NULL,SUN
ZTF25abanaiq,2,LEDA 1096298,15.97125,-2.2872222222222223,2.3272558247413864,0.6629998642929716,1.9662944861725444,Simbad,True,0.06757,NULL,D
ZTF25abalshy,3,LEDA 1002720,341.88041666666663,-8.515833333333333,2.9646680450543004,0.3869110928516721,2.6156171001552577,Simbad,False,--,NULL,NULL
ZTF25abalmli,4,NULL,NULL,NULL,NULL,NULL,NULL,NULL,NULL,NULL,NULL,NULL
ZTF25abagvaw,5,WISEA J003839.41+095948.0,9.66425,9.99668,1.7437416871331517,0.2792052697507874,2.020687623976892,NED,False,NULL,NULL,NULL
ZTF25aazyfpa,6,NULL,NULL,NULL,NULL,NULL,NULL,NULL,NULL,NULL,NULL,NULL
