oid,index,host_name,host_ra,host_dec,host_offset,host_offset_bestguess,bestguess_offset,host_source,host_redshift_spec,host_redshift,host_redshift_error,host_redshift_type
ZTF25abtrnqe,0,NULL,NULL,NULL,NULL,NULL,NULL,NULL,NULL,NULL,NULL,NULL
ZTF25abtmzhx,1,SDSS J171652.27+321732.6,259.217788933306,32.2923988693841,1.5749694313642488,0.2953967200235324,1.7637726864285408,SDSSDR16,False,0.191916,0.109576,photoz
ZTF25abtmtgx,2,WISEA J181223.29+344628.2,273.09706,34.7745,2.8527523117701468,6.1474835499807865,5.749875783462573,NED,False,0.096732,NULL,PUN
ZTF25abswsjc,3,NULL,NULL,NULL,NULL,NULL,NULL,NULL,NULL,NULL,NULL,NULL
ZTF25abspkbr,4,NULL,NULL,NULL,NULL,NULL,NULL,NULL,NULL,NULL,NULL,NULL
ZTF25absmsfz,5,SDSS J223021.63+052129.7,337.590112585895,5.35826832505939,3.922115098202016,0.1036659682835985,3.914222894345055,SDSSDR16,False,0.20639,0.024935,photoz
ZTF25abscafz,6,SDSS J204237.84+075327.5,310.657655336736,7.89099244460565,0.9695424308739468,5.300475944458133,5.683591586339373,SDSSDR16,False,0.129632,0.029757,photoz
ZTF25abrpkwm,7,WISEA J211651.50+132051.5,319.21462,13.34765,2.3379336727443074,0.0232711243241469,2.361204131589329,NED,False,NULL,NULL,NULL
ZTF19acjglep,8,WISEA J030108.50+120453.9,45.28542,12.08167,3.469073332358698,0.5473718288810515,3.3470619512290223,NED,False,NULL,NULL,NULL
