oid,index,host_name,host_ra,host_dec,host_offset,host_offset_bestguess,bestguess_offset,host_source,host_redshift_spec,host_redshift,host_redshift_error,host_redshift_type
ZTF25abdxhyc,0,SDSS J225748.14-092859.3,344.45062,-9.48314,0.1264056230571561,0.1598104882480253,0.1510704556557343,NED,False,NULL,NULL,NULL
ZTF25abdxfzo,1,SDSS J222813.29+045910.3,337.055390454151,4.98619389732734,1.3210263223036514,0.0969081014916428,1.272751387224392,SDSSDR16,False,0.133802,0.0388,photoz
ZTF25abdwgbe,2,SDSS J221629.61+232849.8,334.123390395129,23.4805105059089,2.9923431115800883,9.16963392671878,12.081478088388712,SDSSDR16,False,0.07575,0.014296,photoz
ZTF25abdwbux,3,NULL,NULL,NULL,NULL,NULL,NULL,NULL,NULL,NULL,NULL,NULL
ZTF25abdvtfu,4,NULL,NULL,NULL,NULL,NULL,NULL,NULL,NULL,NULL,NULL,NULL
ZTF25abdpyga,5,SDSS J004530.65+080529.7,11.3777242869556,8.0915937016826,1.3863776225913955,0.2316247988455376,1.4525840650375792,SDSSDR16,False,0.382809,0.112035,photoz
ZTF25abdhyhr,6,IC 5168,332.18974999999995,-27.856472222222223,13.667896557140567,0.2232443609081957,13.879927867105854,Simbad,True,0.016111,0.0001800000027287,D
ZTF25abciknq,7,SDSS J015625.28+113226.1,29.1053307908936,11.5405831268618,2.1160646254440505,0.1534660406475396,2.065552139617437,SDSSDR16,False,0.090588,0.021119,photoz
ZTF25abcekus,8,SDSS J202035.86+001303.9,305.149396450851,0.217770156488712,9.008079512910664,0.7601534598015081,9.041791198278446,SDSSDR16,False,0.129585,0.044306,photoz
