oid,host_name,host_ra,host_dec,host_offset,host_offset_bestguess,bestguess_offset,host_source,host_redshift_spec,host_redshift,host_redshift_error,host_redshift_type
ZTF25acfrelp,SDSS J141506.21+243427.6,213.775855096949,24.5743413538864,2.2927095014322254,0.270812625463188,2.0926772514008873,SDSSDR16,False,0.063292,0.022287,photoz
ZTF25acfnlxh,SDSS J102637.39+340607.3,156.655806879339,34.1020514966702,1.6310329722471635,1.9571372007261638,3.0483304958096507,SDSSDR16,False,0.504346,0.17208,photoz
ZTF25acelnga,SDSS J103137.06+393853.4,157.904418836077,39.6481869147006,8.064208201684261,0.9718332335600897,7.1312553385756,SDSSDR16,True,0.1451617,3.390095e-05,specz
ZTF25aceiyii,WISEA J015839.42+353031.5,29.66429,35.50876,0.9964513526854009,0.8168086360602126,1.122484644389437,NED,False,NULL,NULL,NULL
ZTF23absqpkm,SDSS J124524.69+211247.0,191.35289333333333,21.213058888888888,0.0755881262619316,0.23576145386224495,0.17087432402682787,Simbad,True,0.57474,0.00139999995008111,D
