oid,host_name,host_ra,host_dec,host_offset,host_offset_bestguess,bestguess_offset,host_source,host_redshift_spec,host_redshift,host_redshift_error,host_redshift_type
ZTF25acaoncz,SDSS J012227.04+034333.6,20.612679709825,3.72602542841737,5.755852867114396,0.4328892050770167,5.4544208715442535,SDSSDR16,False,0.102104,0.0242,photoz
ZTF25acagttz,SDSS J114804.74+550552.6,177.0197575326,55.0979667901036,3.528544182775649,0.4609277728006828,3.7741041449015404,SDSSDR16,False,0.067867,0.033172,photoz
ZTF25acagttt,SDSS J121212.52+573122.5,183.052155462516,57.5229320064965,0.4298525598903528,2.9412373939251037,2.723659604156973,SDSSDR16,False,0.453181,0.126991,photoz
ZTF25acagttq,SDSS J120711.97+560321.3,181.79991166666665,56.05593083333333,9.480132418217824,1.186593387965817,10.656898301853484,Simbad,True,0.09441,9.999999747378752e-06,C
ZTF25acaeahz,LEDA 2442215,127.02181291666666,53.478591111111115,2.602491072995513,0.6356834565558774,3.2365345647547183,Simbad,True,0.18314,9.999999747378752e-05,D
ZTF25acaaigm,SDSS J012107.59+065659.1,20.2816352346219,6.94975731324194,0.7606844334702904,0.20890091064764582,0.6868284159060699,SDSSDR16,False,0.248807,0.059313,photoz
ZTF25abztyrl,SDSS J103523.42+591114.6,158.847590925867,59.1874151932868,3.881441932064823,0.3330608034401748,3.560184949603539,SDSSDR16,False,0.140119,0.032491,photoz
ZTF25abzkrxa,SDSS J013931.71+323557.5,24.8821238037611,32.5993246112356,4.110816728870972,0.18659010947767848,4.214306507034342,SDSSDR16,False,0.13151,0.012262,photoz
