oid,host_name,host_ra,host_dec,host_offset,host_offset_bestguess,bestguess_offset,host_source,host_redshift_spec,host_redshift,host_redshift_error,host_redshift_type
ZTF25abvejtn,SDSS J100404.79+450206.0,151.019967757299,45.0350243148582,14.335090451624833,0.6479594006126823,13.884663900547322,SDSSDR16,True,0.02345334,1.140045e-05,specz
ZTF25abveiid,NULL,NULL,NULL,NULL,NULL,NULL,NULL,NULL,NULL,NULL,NULL
ZTF25abveibc,SDSS J100703.57+543909.1,151.764862630807,54.6525316299965,0.096670530946784,5.722012144999523,5.716015744375944,SDSSDR16,False,0.330585,0.117171,photoz
ZTF25abvbpjl,WISEA J075616.18+554556.7,119.06743,55.76577,3.9559253792741185,4.004017796578736,6.243146681798972,NED,False,0.054418,NULL,PUN
ZTF25abuzecp,WISEA J181222.58+531213.4,273.09412,53.20374,0.6342413560180618,0.6895841187641811,0.06362849208443885,NED,False,NULL,NULL,NULL
ZTF25abuzagy,SDSS J154701.78+314157.0,236.75746083333328,31.699190277777777,4.950727072085119,0.09104456658978169,4.860625292495682,Simbad,True,0.12301,2.9999999242136255e-05,C
ZTF25abuynvz,SDSS J100854.88+355043.2,152.228653978449,35.8453586030278,4.87072969827956,0.16999817687397567,5.0209291749722915,SDSSDR16,False,0.067218,0.015303,photoz
ZTF25abuiban,SDSS J212355.35+175602.0,320.980619375098,17.9338998230503,8.211154707770229,1.5570814112881828,6.849833710163399,SDSSDR16,False,0.033472,0.006927,photoz
ZTF25abrajuv,WISEA J072821.43+644151.2,112.08931,64.69757,1.1797557415824407,0.6220478667894043,1.1235684139149356,NED,False,NULL,NULL,NULL
