oid,index,host_name,host_ra,host_dec,host_offset,host_offset_bestguess,bestguess_offset,host_source,host_redshift_spec,host_redshift,host_redshift_error,host_redshift_type
ZTF25abdglfv,0,NULL,NULL,NULL,NULL,NULL,NULL,NULL,NULL,NULL,NULL,NULL
ZTF25abdgiax,1,WISEA J221338.70-080407.7,333.41128,-8.06882,2.108626247968654,0.1303018935124526,2.2276380257432504,NED,False,NULL,NULL,NULL
ZTF25abdeipc,2,WISEA J181642.46+581136.7,274.17694,58.19353,2.801648790899446,0.1368776683513504,2.752610261696213,NED,False,NULL,NULL,NULL
ZTF25abdegtq,3,WISEA J174911.18+595543.0,267.2966,59.92861,2.034417615232547,0.4625727085069934,2.0436718846732984,NED,False,NULL,NULL,NULL
ZTF25abdeeps,4,WISEA J180758.13+300049.1,271.99223,30.01367,5.494480990484104,0.6668936988069771,5.270595556389271,NED,False,NULL,NULL,NULL
ZTF25abcxmsv,5,WISEA J224326.01+075709.4,340.8584,7.95262,1.4115441731713982,0.5116428001775687,1.4986211949744994,NED,False,NULL,NULL,NULL
