oid,index,host_name,host_ra,host_dec,host_offset,host_offset_bestguess,bestguess_offset,host_source,host_redshift_spec,host_redshift,host_redshift_error,host_redshift_type
ZTF25abfqttz,0,WISEA J225507.22+355346.7,343.78009,35.89633,2.813695851364848,0.3352860384595716,3.1467137683872406,NED,False,NULL,NULL,NULL
ZTF25abfnrfv,1,WISEA J172958.57+095906.5,262.49405,9.98516,4.018667743754842,0.7023219702216694,4.21468190179263,NED,False,NULL,NULL,NULL
ZTF25abflwya,2,LEDA  195932,354.2316,-17.193594444444443,14.149007960952249,0.480464144785364,14.628836328480569,Simbad,True,0.03162,NULL,D
ZTF25abecxlp,3,NULL,NULL,NULL,NULL,NULL,NULL,NULL,NULL,NULL,NULL,NULL
ZTF25abdmtrq,4,SDSS J005730.28+054504.9,14.3761626711866,5.75138632202116,1.7783889366944954,0.1029709331905819,1.7490467557972798,SDSSDR16,False,0.166367,0.035897,photoz
ZTF25abcbbql,5,NULL,NULL,NULL,NULL,NULL,NULL,NULL,NULL,NULL,NULL,NULL
ZTF25abaeilb,6,SDSS J232929.73+232242.1,352.373892837437,23.3783809790101,3.4591298462105065,0.2927671312798304,3.502453963986712,SDSSDR16,False,0.067722,0.016655,photoz
