oid,host_name,host_ra,host_dec,host_offset,host_offset_bestguess,bestguess_offset,host_source,host_redshift_spec,host_redshift,host_redshift_error,host_redshift_type
ZTF25abakvtg,2MASX J21305895+2232313,322.7455445833333,22.542156944444447,3.1708076537813388,0.22330732425994,3.1933349052962283,Simbad,False,--,NULL,
ZTF25abajpgd,UGC 10504,250.09455166666666,33.679761944444444,3.280393868901394,0.3309327685111448,3.605341960200941,Simbad,True,0.03086,9.999999747378752e-06,C
ZTF25abajnjt,WISEA J172906.02+461436.9,262.27511,46.24359,2.87905055861586,0.23156529641181486,2.6679240377912357,NED,False,NULL,NULL,NULL
