oid,index,host_name,host_ra,host_dec,host_offset,host_offset_bestguess,bestguess_offset,host_source,host_redshift_spec,host_redshift,host_redshift_error,host_redshift_type
ZTF25aaqweoi,0,WISEA J014941.95+470700.3,27.42482,47.11675,1.716060634772443,3.120501632675763,1.4301924963640869,NED,False,NULL,NULL,NULL
ZTF25aaqwecw,1,SDSS J010325.41+242506.1,15.8558836372425,24.4183723819647,0.5224212185799362,0.2096122143993951,0.3185349206599632,SDSSDR16,False,0.140187,0.072392,photoz
ZTF25aaqwcho,2,NULL,NULL,NULL,NULL,NULL,NULL,NULL,NULL,NULL,NULL,NULL
ZTF25aaqvxst,3,NULL,NULL,NULL,NULL,NULL,NULL,NULL,NULL,NULL,NULL,NULL
ZTF25aaqvwjj,4,LEDA   90340,297.27059999999994,-10.500925,8.606811596140453,2.077544576012498,10.016607231069631,Simbad,False,0.0245,NULL,D
ZTF25aaqvowo,5,NULL,NULL,NULL,NULL,NULL,NULL,NULL,NULL,NULL,NULL,NULL
ZTF25aaqrffo,6,2MASX J11044487-0925562,166.1869895833333,-9.432156666666666,3.7234184923792384,0.7289148911606649,4.326100478610528,Simbad,False,--,NULL,NULL
ZTF25aaqrcbp,7,SDSS J110028.65+162035.5,165.119386071519,16.3431966750884,0.5387792872511203,0.0967265726614614,0.4579523609345287,SDSSDR16,False,0.065603,0.034249,photoz
ZTF25aaqrbpt,8,SDSS J101820.04+135219.9,154.583508842777,13.8722143548015,0.7123682609017409,8.598699382135125,8.249688859624355,SDSSDR16,False,0.164043,0.097859,photoz
