oid,host_name,host_ra,host_dec,host_offset,host_offset_bestguess,bestguess_offset,host_source,host_redshift_spec,host_redshift,host_redshift_error,host_redshift_type
ZTF25aaurzyo,WISEA J190904.33+475245.5,287.26806,47.87932,1.6580143456185772,0.2752187363497886,1.39933957177914,NED,False,NULL,NULL,NULL
ZTF25aaurcaq,SDSS J164820.26+625835.1,252.084422169674,62.97641567071,2.8223020966803882,0.813500675536107,2.308778187851708,SDSSDR16,True,0.0149755,4.068393e-06,specz
ZTF25aaurbqp,SDSS J144950.84+475351.3,222.461812672565,47.8976000299915,0.8835830813577858,0.36357467496964696,0.5605814063924296,SDSSDR16,False,0.329828,0.127698,photoz
ZTF25aauqacl,SDSS J123138.07+144817.6,187.908610798846,14.8048975919489,0.33734314434278223,0.15702553606158337,0.48845677084030054,SDSSDR16,True,0.09367017,2.538597e-05,specz
