oid,host_name,host_ra,host_dec,host_offset,host_offset_bestguess,bestguess_offset,host_source,host_redshift_spec,host_redshift,host_redshift_error,host_redshift_type
ZTF25aabmhdd,SDSS J122916.88+050404.2,187.32035295416,5.06783730650086,0.8386064390973742,0.2557426001107382,0.6650473745443519,SDSSDR16,False,0.074714,0.070654,photoz
ZTF25aabmcjz,SDSS J110310.48+253328.6,165.793670686071,25.5579496463253,0.07555745090415078,0.11619555939412976,0.040853227282010685,SDSSDR16,False,0.375157,0.083857,photoz
ZTF25aabmbjx,SDSS J092427.12+173050.9,141.113005743691,17.5141424258866,0.2097581746908411,0.2493041513197203,0.3129225692122117,SDSSDR16,False,0.161998,0.026481,photoz
ZTF25aablyqw,SDSS J101017.72-012927.5,152.573838508572,-1.49097698061154,1.1373538153984202,0.15573105030813386,1.0127631592807542,SDSSDR16,False,0.276103,0.102086,photoz
ZTF25aaaeyzz,SDSS J125940.55+302019.8,194.918962317777,30.338839088111,1.9056176127530464,0.161519907022544,2.0164643174393473,SDSSDR16,False,0.043699,0.03684,photoz
