oid,index,host_name,host_ra,host_dec,host_offset,host_offset_bestguess,bestguess_offset,host_source,host_redshift_spec,host_redshift,host_redshift_error,host_redshift_type
ZTF25abzkcio,0,SDSS J101402.34+293407.8,153.509739757745,29.5688407916294,1.9127395069914133,0.4378693008415188,1.8378107616357275,SDSSDR16,False,0.112018,0.057905,photoz
ZTF25abzkcbt,1,SDSS J101125.08+303325.3,152.854508867147,30.5570305104872,1.7314977200641632,0.21012328732948,1.805968252302893,SDSSDR16,False,0.113064,0.030513,photoz
ZTF25abzjnqb,2,NULL,NULL,NULL,NULL,NULL,NULL,NULL,NULL,NULL,NULL,NULL
ZTF25abzjnny,3,SDSS J101239.31+535527.5,153.163790347757,53.9243217125449,1.83016213424644,0.2270591058666028,1.64698739391378,SDSSDR16,False,0.182636,0.041503,photoz
ZTF25abzatak,4,SDSS J004416.77+025224.2,11.0698674961012,2.87340276745341,0.1805497492407012,0.1846351027842155,0.1837494957158784,SDSSDR16,False,0.061324,0.020367,photoz
ZTF25abysupr,5,NULL,NULL,NULL,NULL,NULL,NULL,NULL,NULL,NULL,NULL,NULL
ZTF25abygizj,6,SDSS J092658.43+542647.1,141.743447288116,54.4464355940201,0.8155963925512664,0.2552290525124262,0.6885977214195999,SDSSDR16,False,0.205608,0.071194,photoz
ZTF25abyfoou,7,WISEA J042102.75+051031.8,65.26149,5.17552,4.362421820863946,0.5852357175806271,4.892069948402032,NED,False,NULL,NULL,NULL
ZTF25abuvsvz,8,LEDA 1977170,61.13999999999999,32.038888888888884,11.96037115673438,9.77736916218776,21.708277783659263,Simbad,False,--,NULL,NULL
