oid,host_name,host_ra,host_dec,host_offset,host_offset_bestguess,bestguess_offset,host_source,host_redshift_spec,host_redshift,host_redshift_error,host_redshift_type
ZTF25aauhbec,SDSS J223357.50+010629.4,338.489594909816,1.10817605147501,0.6308762130623147,0.2558606742205062,0.8822274873792522,SDSSDR16,True,0.03882443,5.626518e-06,specz
ZTF25aaugjsk,SDSS J154629.16+344525.3,236.621486588536,34.7570388111304,2.687513665593482,1.150975430661413,3.8287520736068945,SDSSDR16,False,0.077023,0.023134,photoz
ZTF25aaugemf,SDSS J135842.23+132722.9,209.675964258639,13.4563652830346,1.951379890948109,1.0232344455599254,2.9728922431800195,SDSSDR16,True,0.03933907,1.181123e-05,specz
ZTF25aaudgky,SDSS J205441.50-051331.1,313.672912383505,-5.22532068263521,0.4898426642418671,0.329164341329128,0.16639890529505794,SDSSDR16,False,0.145501,0.041256,photoz
ZTF18ackwclx,SDSS J003833.37+241614.2,9.63903538240777,24.2706239258794,0.5857164639732367,0.22660427791632043,0.47301251161522145,SDSSDR16,False,0.064944,0.009513,photoz
ZTF18aakitiq,SDSS J140955.96+614120.3,212.483172348196,61.6889808084843,0.8644743782745122,0.22439436526460158,1.0878498457494594,SDSSDR16,True,0.03671323,1.266284e-05,specz
