oid,host_name,host_ra,host_dec,host_offset,host_offset_bestguess,bestguess_offset,host_source,host_redshift_spec,host_redshift,host_redshift_error,host_redshift_type
ZTF25aabreke,LCRS B140801.7-053930,212.66297,-5.89347,2.123783583164321,0.528314851818863,1.9252976894108247,NED,False,NULL,NULL,NULL
ZTF25aabqdqc,WISEA J075841.30+020009.8,119.67211,2.00274,0.7378100307842163,0.46232702295526307,1.1984241679856695,NED,False,NULL,NULL,NULL
ZTF25aabowed,SDSS J011152.60+202358.9,17.9691872178882,20.3996968796877,2.7856721875351913,0.46663984044031287,3.2463609741812047,SDSSDR16,False,0.058431,0.010959,photoz
ZTF25aaboumb,SDSS J014646.29+172406.3,26.6928594536122,17.4017549185972,5.099064101249253,0.507282148603727,4.79202071652026,SDSSDR16,False,0.071667,0.026078,photoz
ZTF25aabosqp,SDSS J231959.05+302051.9,349.996035300005,30.3477605517025,0.6669204672066807,0.26024841039612384,0.899568897568631,SDSSDR16,False,0.116606,0.02982,photoz
ZTF25aaahknq,SDSS J075838.40+075747.4,119.659998437212,7.96317266022417,3.761564795944913,0.3478609239542684,4.043469949019965,SDSSDR16,False,0.04092,0.00975,photoz
