oid,index,host_name,host_ra,host_dec,host_offset,host_offset_bestguess,bestguess_offset,host_source,host_redshift_spec,host_redshift,host_redshift_error,host_redshift_type
ZTF25aaotogs,0,GALEXASC J174540.61+310657.5,266.41924,31.11599,2.894331234516647,0.4482460531334105,3.0002114071159967,NED,False,NULL,NULL,NULL
ZTF25aaosopq,1,WISEA J144551.01+343605.4,221.46255,34.60152,8.143232419528992,0.3929370182788137,7.850870491879497,NED,False,NULL,NULL,NULL
ZTF25aaoslnz,2,WISEA J174315.80+792034.9,265.81585,79.34303,2.53731547625221,0.1621573822035527,2.375243932947438,NED,False,NULL,NULL,NULL
ZTF25aaoqltj,3,NULL,NULL,NULL,NULL,NULL,NULL,NULL,NULL,NULL,NULL,NULL
ZTF25aaopoiq,4,WISEA J142527.46+702806.0,216.36445,70.46834,2.877527413699962,0.2334328989233339,2.6850367754892472,NED,False,NULL,NULL,NULL
ZTF25aaopnon,5,MCG+03-33-020,194.89977916666663,15.049288333333331,8.990033357505292,0.6129919550970468,9.361886519824036,Simbad,True,0.03565,0.0001699999993434,C
ZTF25aaogtzl,6,2MASX J14445549-0532417,221.23109375,-5.545139722222222,7.47753755579682,0.3924302360765354,7.399531229210462,Simbad,False,--,NULL,NULL
